year_built,stories,building_material,height,irregularities,latitude,longitude,soft_story,risk
2001,7,Concrete,34,False,24.338465170666563,74.87079582300498,False,Medium Risk
1964,8,Brick,3,False,26.113807395321416,70.81200445799732,True,Medium Risk
2021,1,Concrete,10,True,33.06856415918256,73.19191748580593,False,Low Risk
2010,9,Concrete,47,False,25.021158690208306,91.12790731359809,True,Medium Risk
1970,7,Wood,25,False,24.8475610167572,87.6488283503295,False,Low Risk
1973,3,Wood,49,False,36.72969555490721,83.86093740357883,True,Medium Risk
1952,8,Concrete,42,True,29.945174844988472,81.77760631313627,True,High Risk
1971,7,Steel,14,False,20.826520358082924,94.7505942260276,True,Medium Risk
2002,8,Concrete,14,True,28.514513000954903,70.10931348558138,False,Medium Risk
1951,6,Wood,48,False,19.287683679061864,76.13742358389956,True,Medium Risk
1979,9,Steel,49,True,14.63738841202147,78.1481977535507,True,High Risk
1987,5,Steel,17,False,25.308704429745024,90.69034855417084,True,Low Risk
1951,3,Concrete,43,True,34.91728084530459,96.78292398469716,True,Medium Risk
2013,3,Wood,21,True,34.94504608044842,74.97944492795745,False,Low Risk
2009,1,Wood,28,True,17.91525306505922,93.35491268997534,False,Low Risk
1970,8,Steel,31,False,23.302646520429157,92.08806005252194,False,Medium Risk
1982,2,Concrete,24,False,14.137441058525976,74.51506453161123,False,Low Risk
2007,3,Brick,42,False,36.87330217546762,79.58064482577745,True,Medium Risk
1971,8,Brick,23,True,36.45241932817014,79.88051320948306,False,Medium Risk
1998,8,Wood,40,False,26.83575896151597,96.36839938727019,True,Medium Risk
2008,4,Brick,22,True,31.32800773064673,73.24586513998806,False,Low Risk
1991,4,Wood,31,False,28.737904677227302,91.17558116203868,False,Low Risk
2009,5,Wood,6,True,25.201588352144576,77.69158871102019,False,Low Risk
1964,6,Wood,9,True,9.547091912678033,89.19524002750865,True,Medium Risk
2011,5,Brick,30,True,21.18816593402717,80.18031912457423,False,Medium Risk
2011,7,Wood,30,False,27.568802762854904,84.77243313037965,False,Low Risk
1996,2,Steel,6,False,27.648416802626855,92.1457414264578,False,Low Risk
2011,7,Concrete,24,False,18.820555934249125,91.32080138453264,True,Medium Risk
2000,7,Concrete,14,True,35.30906761308289,93.1262723226513,False,Medium Risk
2004,1,Wood,47,True,12.85335393486665,69.7289024349951,False,Medium Risk
2013,7,Concrete,5,False,22.510423940251258,88.0694660381526,True,Low Risk
1952,5,Brick,24,False,28.03563531997386,72.05963392493112,True,Medium Risk
2000,3,Brick,46,False,28.21693837086247,80.05873847253392,False,Low Risk
1956,3,Concrete,4,True,26.81052974629565,83.90906403658596,False,Low Risk
1970,4,Brick,26,True,15.983358190103946,79.67944505765809,False,Medium Risk
1988,2,Concrete,36,True,12.529990491912038,83.06873859828721,True,Medium Risk
1967,2,Concrete,29,True,26.442269477974616,96.89926295515995,True,Medium Risk
1953,1,Concrete,43,True,25.379761368043695,71.9213020976728,True,Medium Risk
2009,5,Wood,3,False,13.201324298387988,87.58822531475634,False,Low Risk
1963,4,Concrete,10,True,28.449035221546335,79.48402802518284,True,Medium Risk
1958,2,Wood,25,True,21.199987760276038,71.85728416831253,False,Medium Risk
2002,3,Concrete,40,True,27.365057156491435,72.60336613785498,True,Medium Risk
1951,7,Concrete,8,True,32.28364531333437,95.52892008112289,True,Medium Risk
2009,7,Concrete,24,True,12.922124428730772,93.5084434046411,True,Medium Risk
2020,4,Brick,27,False,8.555201171908264,94.30421685203564,False,Low Risk
1993,5,Wood,20,True,30.593975005477816,96.7544504989942,False,Medium Risk
1957,5,Wood,19,True,25.681225329425864,74.04114631024702,False,Medium Risk
1996,6,Concrete,14,True,28.28954751904153,78.30774078355779,False,Medium Risk
1984,9,Concrete,8,False,32.306494274670634,87.40735186782113,True,Medium Risk
1985,2,Brick,28,False,31.281517109910514,82.03027365595877,False,Low Risk
1999,5,Brick,29,False,35.86668426093591,80.13329646797168,True,Medium Risk
1953,3,Brick,10,True,23.54211728671143,78.3765262307322,False,Low Risk
1951,4,Wood,21,False,22.166373347137256,85.21963832636011,False,Low Risk
1955,6,Wood,44,True,19.654728796831172,84.69220943056237,True,High Risk
2003,8,Wood,3,True,12.45704024248193,72.68227718786297,True,Medium Risk
1953,1,Concrete,31,False,24.60560975357865,81.68045528803474,False,Low Risk
2003,8,Wood,47,True,16.033363205453384,84.05068151008564,False,Medium Risk
2012,7,Steel,37,True,34.71791785417629,84.53832122321032,True,High Risk
1967,1,Steel,42,True,24.91253332403583,74.0931085944582,True,Medium Risk
1993,2,Brick,16,False,25.192365234735195,89.52587037531632,True,Low Risk
1983,3,Wood,37,True,18.29281516543329,68.73077374981102,True,Medium Risk
2011,1,Steel,47,True,9.507691207353517,78.29012381075172,True,Medium Risk
1963,9,Brick,22,False,8.92056919581667,90.62616680753337,False,Medium Risk
1997,8,Wood,15,True,20.276719180442726,84.35289471060668,False,Medium Risk
1964,2,Concrete,40,True,10.452395964819898,75.57371054281495,False,Medium Risk
2021,9,Steel,48,False,25.598561710664036,88.15364046094838,False,Medium Risk
2011,7,Concrete,10,True,33.54821716355006,84.45433738052613,True,Medium Risk
1989,9,Wood,45,True,33.60452967904294,91.09106467423523,True,High Risk
2002,6,Steel,22,True,27.112316893834738,89.31573039950487,True,Medium Risk
1973,6,Wood,35,True,14.125723112714999,85.6931297390508,False,Medium Risk
1975,4,Concrete,28,True,33.02690810940729,82.1571525840136,True,Medium Risk
2009,2,Steel,41,False,33.69670962408304,71.86228164435818,True,Low Risk
1990,7,Concrete,23,False,13.702953963635803,75.57865751867612,False,Low Risk
1978,5,Wood,44,False,29.38535648734964,80.15388471459548,False,Medium Risk
1964,6,Wood,45,False,16.309066918886565,85.37967932318527,False,Medium Risk
1994,2,Concrete,43,True,31.27656905823496,82.89752780124384,True,Medium Risk
2014,5,Steel,11,True,36.91989909720448,76.35735125282636,True,Medium Risk
2020,4,Concrete,26,True,8.870754154552392,68.18746637590161,False,Medium Risk
1958,9,Wood,39,True,34.023610107937024,82.3909374351236,False,High Risk
1950,6,Concrete,43,True,26.056285474361083,76.28315366830505,True,High Risk
1957,2,Wood,19,False,36.228095955779814,89.30364072060551,False,Low Risk
2012,1,Concrete,26,False,21.4852760082664,68.69444169284402,True,Low Risk
1960,5,Steel,23,True,32.57424998656984,84.96000652786793,False,Medium Risk
1957,9,Steel,41,True,9.80942798935004,95.3027528876759,False,High Risk
1984,6,Concrete,43,True,17.723092452270578,73.05786874623348,False,Medium Risk
1984,7,Concrete,41,False,9.943479594785089,81.67783523176726,True,Medium Risk
1982,5,Steel,15,True,36.28495087089304,70.65123776269701,True,Medium Risk
1954,6,Wood,13,True,31.692243310883264,86.14477545557922,False,Medium Risk
1990,5,Steel,48,True,32.723875216133145,83.96541873729055,True,High Risk
1977,9,Wood,21,False,35.20099171158293,79.81360020217214,False,Medium Risk
1956,6,Concrete,13,True,10.468001097473776,83.1199336227385,False,Medium Risk
2021,8,Concrete,15,False,19.182330182886666,94.00066509560129,True,Medium Risk
1961,2,Wood,48,False,10.060011782276062,73.69253476702094,True,Medium Risk
1983,9,Concrete,47,False,14.112999944950829,68.65437083945507,True,Medium Risk
1982,5,Wood,3,False,14.651607534092498,92.98828165627393,True,Low Risk
1997,7,Brick,42,False,21.604109120379782,84.73639538924928,False,Medium Risk
1972,1,Steel,46,False,15.788302856155635,93.82909520839343,True,Medium Risk
2011,5,Brick,21,True,10.928365097715073,85.31141147898201,True,Medium Risk
1986,2,Wood,14,True,12.857241583729124,91.49467160883137,False,Low Risk
1993,6,Steel,10,True,12.270991343010637,80.46052753729928,False,Medium Risk
1984,1,Wood,10,False,36.21922713945665,89.7459380073598,False,Low Risk
2014,3,Steel,47,True,30.019482700635734,94.47820253980582,False,Medium Risk
1996,5,Steel,14,False,36.0650824928173,84.59156594794399,True,Low Risk
1952,4,Steel,35,False,20.752474108729345,73.242769366309,True,Medium Risk
1950,3,Steel,47,False,16.07268596821704,75.79513083587575,False,Low Risk
1954,5,Wood,28,True,31.150502719066413,73.76069273002477,False,Medium Risk
1963,8,Steel,41,False,17.461363623193257,75.15885380027626,True,Medium Risk
1976,4,Steel,30,False,16.682117837455102,76.88604803118005,True,Medium Risk
1958,1,Brick,7,True,14.742673774027104,84.09887981584247,True,Low Risk
1964,7,Concrete,10,True,11.760690368502825,85.05175725445115,True,Medium Risk
1991,8,Concrete,27,False,15.437428769486214,80.36849267001398,True,Medium Risk
2000,3,Brick,29,False,18.304272705742743,85.84720261480423,False,Low Risk
2012,6,Brick,48,True,27.54583203622618,70.36567284272961,False,Medium Risk
2001,2,Wood,25,True,9.814380424364096,70.54585887468664,False,Low Risk
1953,7,Wood,32,True,14.104701250294946,72.9830543503721,False,Medium Risk
1972,8,Wood,47,False,31.461685568458616,83.02424744317,True,Medium Risk
1964,6,Brick,49,True,12.260735783929352,74.2058456822511,False,Medium Risk
1992,6,Brick,25,True,17.936709249153125,76.21524770128474,True,Medium Risk
1978,5,Steel,49,True,33.07510873388606,79.60907224901683,True,High Risk
1985,8,Wood,22,False,12.492834023159837,91.54411759630102,True,Medium Risk
1962,1,Wood,20,True,10.399368232927507,68.40200194147295,True,Medium Risk
1981,4,Wood,20,True,22.051601857320314,86.83198578686205,True,Medium Risk
2020,4,Concrete,4,True,16.770165827077555,87.39741940017987,True,Low Risk
2008,3,Steel,6,True,24.33884257003177,91.16101763034246,True,Low Risk
1977,3,Wood,32,True,31.310341824020778,95.04983523274907,False,Medium Risk
2015,4,Wood,35,False,11.977306156429552,68.5839976195294,True,Medium Risk
1991,1,Wood,38,False,24.840273452074264,72.45972745988327,False,Low Risk
1994,2,Concrete,20,False,22.659754051306052,93.6989675276238,False,Low Risk
2011,9,Concrete,39,True,12.178284794382787,81.29703830342345,True,High Risk
2006,2,Brick,21,False,26.09595608034049,84.37312852907044,True,Low Risk
1955,5,Steel,49,False,15.935572117962378,87.22778890797127,False,Medium Risk
1977,9,Brick,30,False,22.147195237776362,87.69293153037349,False,Medium Risk
1977,9,Steel,42,True,10.385897404034795,95.02047169617873,False,High Risk
1993,8,Concrete,22,True,21.32793765919507,96.91153310493843,False,Medium Risk
1979,1,Wood,35,False,16.88744057324179,88.88456636699726,True,Low Risk
2011,1,Brick,14,False,31.849055124375276,76.32941506694937,True,Low Risk
2011,9,Wood,17,True,9.65238308292368,93.51281966653596,True,Medium Risk
1950,8,Brick,43,True,20.139610972631566,69.42740652168209,False,High Risk
1976,9,Concrete,41,False,21.294511299811703,74.70134473336039,True,Medium Risk
2011,7,Concrete,4,True,29.02517621267444,94.02418580644773,False,Low Risk
1952,3,Concrete,31,False,24.654339677616118,75.42955391874129,True,Medium Risk
2019,3,Brick,43,True,27.349157778631252,74.39888072903071,False,Medium Risk
2021,2,Steel,12,False,30.534429283900927,72.00563350106717,True,Low Risk
1976,5,Brick,4,False,33.003886236087475,92.91424097176058,True,Low Risk
1958,3,Steel,13,True,17.102389404951644,82.50168951654152,False,Low Risk
2011,6,Brick,15,False,23.602658455553186,87.57190288857049,False,Low Risk
1986,2,Brick,12,False,32.363134274736794,74.93292513817586,False,Low Risk
2000,3,Concrete,16,False,36.69408279798664,89.98317220932528,False,Low Risk
1993,5,Wood,20,True,33.79606002026913,90.04016080390086,False,Medium Risk
1973,1,Wood,11,True,18.772550616106926,77.0653427223407,True,Low Risk
2008,1,Steel,41,True,13.659828999340862,79.9097963572982,False,Medium Risk
1981,9,Wood,30,False,22.192383584791074,74.08101804547583,True,Medium Risk
2001,7,Brick,5,True,29.507602103245226,96.32026967636422,True,Medium Risk
2011,1,Brick,22,False,22.284503051845633,86.72247473469393,True,Low Risk
2007,8,Concrete,8,False,22.012245036096388,95.10177254074995,True,Low Risk
2001,3,Concrete,29,True,32.308682211372215,76.79818076524487,True,Medium Risk
1961,8,Wood,4,True,18.480709592948404,90.6748364769098,False,Medium Risk
1988,5,Steel,31,False,32.93404556953772,90.20990067265751,False,Low Risk
1951,1,Wood,40,False,19.797339227599984,88.05801390412971,True,Medium Risk
1952,7,Wood,5,True,17.518760064671845,96.00353028273722,True,Medium Risk
2005,5,Wood,18,True,21.16570742479127,79.41310474708315,False,Medium Risk
2008,6,Wood,32,True,30.110961801571186,71.79080238410296,False,Medium Risk
1951,6,Brick,42,False,11.654058808055835,87.47955691807776,True,Medium Risk
1951,8,Steel,4,False,13.696157260288505,89.14998421383898,False,Low Risk
2003,9,Brick,19,False,35.59189994422967,84.67675663030562,False,Low Risk
1950,2,Steel,43,False,13.089257194059364,73.99771890086849,False,Low Risk
1968,9,Concrete,14,False,24.464092220000584,82.6292223084113,True,Medium Risk
1951,9,Wood,37,True,24.8001195331962,77.05350236050475,False,High Risk
2002,7,Brick,45,True,22.1991093994571,80.39652931683398,True,High Risk
1993,1,Steel,3,False,26.69761220872774,86.71133869949526,True,Low Risk
1981,7,Concrete,47,False,14.664975048130934,89.6112275380342,True,Medium Risk
2019,5,Concrete,17,True,24.027205765525697,74.73451603613896,True,Medium Risk
1981,6,Wood,28,True,18.793024402160018,79.75443545876165,True,Medium Risk
2017,7,Steel,39,True,27.18835052924648,75.80568555875725,False,Medium Risk
2004,5,Brick,23,True,12.095482757821333,73.76031680199421,True,Medium Risk
2005,7,Wood,33,False,24.55544508834481,90.71822937987932,True,Medium Risk
1966,9,Brick,27,True,13.372840306116387,94.36832813867278,True,High Risk
1987,3,Concrete,25,False,16.080648830336056,78.73673338485273,False,Low Risk
1973,8,Brick,26,True,14.342584209383913,89.78708880683924,False,Medium Risk
2018,2,Brick,40,True,13.302295616195696,94.01286339156792,False,Medium Risk
2019,7,Wood,30,True,31.945617595259343,92.53760210537672,False,Medium Risk
1960,2,Brick,23,False,16.28551946216582,73.30158826763756,False,Low Risk
1965,4,Wood,45,False,34.88658967406903,95.73246456388748,False,Medium Risk
2008,7,Concrete,20,True,36.127869235010536,78.92361677245441,False,Medium Risk
2019,3,Wood,38,False,24.56655362817582,77.83797917404125,True,Low Risk
1952,2,Wood,37,False,12.147032557306066,69.81050849105563,True,Medium Risk
1969,7,Steel,47,True,18.861899058007857,82.09903596904161,False,High Risk
2008,1,Brick,11,True,31.134235637098207,71.16139485358693,True,Low Risk
1985,8,Concrete,40,False,18.65433113221504,75.20765480689535,True,Medium Risk
1968,3,Wood,32,False,10.523499330780874,77.19133603125115,False,Low Risk
2016,2,Concrete,46,False,24.14676241691745,91.45596338125884,True,Low Risk
1968,3,Steel,36,True,32.50850469338501,93.389170861481,True,Medium Risk
1969,5,Brick,34,True,31.08186522716157,76.77152320638262,False,Medium Risk
2020,8,Wood,5,False,13.078571063780243,92.90224551609265,True,Low Risk
2001,7,Brick,5,True,27.510173817961533,92.85969718372394,False,Medium Risk
1982,7,Steel,30,True,14.394623639633766,90.17487756116134,False,Medium Risk
1989,7,Steel,46,False,14.328018502012995,72.25415830644026,True,Medium Risk
1988,8,Concrete,17,False,33.34808142585037,88.01936256012114,True,Medium Risk
1950,1,Wood,43,True,15.240399629466674,95.4056978728365,True,Medium Risk
1960,4,Concrete,25,True,15.634173049022325,87.79367388424755,False,Medium Risk
2006,6,Steel,42,False,8.018948332077688,77.61688862412718,False,Medium Risk
1999,9,Brick,13,True,33.24940198964001,82.5168002054941,False,Medium Risk
1972,2,Concrete,34,True,30.985249583064906,86.72602625718056,True,Medium Risk
1980,1,Concrete,38,False,26.19253911762966,82.8065418531266,True,Low Risk
1991,2,Brick,35,False,29.757707154226427,71.47863531019813,False,Low Risk
1956,7,Concrete,26,True,12.409408455310263,77.0498572949086,True,High Risk
1965,3,Brick,41,True,21.291384243039687,91.26948488605534,True,Medium Risk
2009,2,Wood,36,True,18.185362233114645,92.98112333677,False,Medium Risk
1951,7,Brick,30,False,10.719519261453478,71.98170094875154,False,Medium Risk
1950,2,Wood,39,True,22.097784071232798,95.61921581956301,True,Medium Risk
1997,3,Brick,9,True,34.701449859936425,77.53585591760967,False,Low Risk
1961,7,Steel,6,False,9.16171445247014,87.20709842319087,True,Medium Risk
2018,4,Steel,39,False,16.45236649132002,89.80292923274375,False,Low Risk
1986,1,Wood,3,True,14.0186871499654,91.54644080449862,False,Low Risk
1981,5,Wood,3,False,14.906252956305194,95.42674136455197,False,Low Risk
1958,9,Steel,49,False,34.34460200450188,77.07466689283585,True,High Risk
1968,8,Wood,22,True,21.574002572794413,92.89668718199508,True,High Risk
1997,9,Brick,21,False,21.522682975254746,71.81892019965001,False,Medium Risk
1952,9,Brick,31,False,30.05669363120319,88.4461862842542,False,Medium Risk
1969,7,Steel,12,True,12.480273916142849,89.5173541559056,False,Medium Risk
1973,4,Concrete,20,False,22.130695268901473,87.6539739948383,True,Low Risk
2003,5,Brick,30,True,20.469571209510733,75.31712734791944,False,Medium Risk
1982,1,Wood,37,True,25.310410025853027,93.3182512634409,False,Medium Risk
1973,1,Concrete,45,False,36.98717339426272,72.89689543774145,False,Low Risk
2021,3,Concrete,49,False,30.314017928379364,69.5554089541041,False,Low Risk
1985,8,Brick,33,False,19.53810538750539,88.80648472774546,True,Medium Risk
1987,2,Brick,29,True,31.999038515947362,81.78879574174928,True,Medium Risk
1974,4,Concrete,13,False,12.950542536061924,92.6238425788016,False,Low Risk
1967,2,Concrete,40,True,8.883446902959843,79.11851709068951,True,Medium Risk
2015,5,Steel,7,False,13.92900280146392,72.88007906672367,True,Low Risk
2003,9,Wood,10,False,17.87193512731353,92.25682358162622,True,Medium Risk
1984,1,Steel,36,False,22.806841966327237,83.91837931756208,False,Low Risk
2010,5,Brick,14,True,25.838745075694796,73.48667797932029,True,Medium Risk
1990,9,Steel,40,False,34.40756579921823,88.89113595900693,True,Medium Risk
1982,1,Steel,3,False,22.785766276963273,82.82229551619551,True,Low Risk
2017,9,Steel,33,True,22.53699369414615,85.52507648496928,False,Medium Risk
1982,8,Steel,6,True,9.457047284866482,81.36605180799087,False,Medium Risk
1963,4,Wood,47,False,9.01243502703049,92.03256053072218,True,Medium Risk
1970,5,Wood,7,False,23.983638895574792,92.05731875480845,True,Low Risk
1997,5,Concrete,32,False,20.70717978420199,88.5722758329072,False,Low Risk
1969,6,Brick,26,True,32.336231454428656,71.0566399444974,False,Medium Risk
1957,7,Steel,5,True,12.65970795664351,92.32676199521799,True,Medium Risk
1956,8,Concrete,13,True,8.72417820139444,87.45937643545439,True,Medium Risk
2016,8,Concrete,47,True,21.022124269973652,88.21370081412468,False,Medium Risk
1966,2,Concrete,6,False,14.886878145815468,78.52650237171228,False,Low Risk
1982,9,Wood,28,True,9.438816826826287,93.49910712855319,True,High Risk
1997,7,Steel,29,True,29.01335031858124,89.03577640681087,False,Medium Risk
2008,4,Steel,48,True,11.236196998760176,71.26512352934664,True,Medium Risk
1971,4,Brick,45,False,25.64126550022538,79.82556299777872,True,Medium Risk
1979,8,Steel,29,False,16.150442754839787,93.7050304968441,True,Medium Risk
1987,4,Steel,44,True,13.031385460295638,69.36870434922399,False,Medium Risk
2000,6,Concrete,8,True,19.012794164660207,95.88108196961943,True,Medium Risk
2003,5,Brick,17,False,31.241927510465658,87.69571448126732,True,Low Risk
1957,3,Steel,32,False,19.37071373023261,86.30990335165792,False,Low Risk
1976,2,Wood,44,False,29.772319827120615,75.84621843815175,False,Low Risk
1976,9,Steel,39,False,11.63910260717537,75.21496187343614,True,Medium Risk
1970,9,Concrete,39,False,30.410371170287295,95.31968836516927,True,Medium Risk
1979,1,Wood,44,False,14.87106642229281,76.64990117278955,False,Low Risk
1977,3,Concrete,39,False,27.64440076677731,90.48965360485099,False,Low Risk
2013,8,Steel,37,False,24.407665090388893,79.4005321480053,False,Medium Risk
2018,6,Wood,25,True,34.945196799138934,72.03836805275641,True,Medium Risk
2010,5,Brick,8,True,19.232353021284105,68.31074363316542,True,Medium Risk
1997,5,Brick,6,True,9.918790476198772,83.78346277344227,True,Medium Risk
1968,6,Wood,20,True,8.555509080986335,96.29758573791905,False,Medium Risk
1953,7,Wood,11,True,31.97889826820984,78.70494962046693,True,Medium Risk
1984,1,Concrete,31,True,23.21733349218153,78.3585776857983,False,Low Risk
2013,9,Wood,15,False,30.482077503213528,77.97865691763383,True,Medium Risk
1998,3,Concrete,49,False,14.798342400333926,83.0957712818409,False,Low Risk
1966,4,Steel,19,True,18.00742861988378,80.77928161930451,True,Medium Risk
1993,1,Concrete,47,True,8.87301229412825,93.51752417508342,True,Medium Risk
1979,3,Wood,34,False,35.88327741264925,82.66010295998122,False,Low Risk
1995,2,Wood,24,False,27.36816929432359,82.72497730746849,False,Low Risk
1955,2,Steel,6,False,35.06294754501988,72.01277624689614,True,Low Risk
1986,1,Wood,7,True,15.699395815443097,96.4994466864012,False,Low Risk
1973,8,Wood,39,False,25.732444725544163,75.24921383519606,False,Medium Risk
1995,3,Brick,43,True,27.676499080486497,70.12755795632847,True,Medium Risk
2002,3,Brick,15,True,17.208941307470063,87.23124122028105,False,Low Risk
2009,6,Steel,36,False,32.59516781545327,85.2656247345493,True,Medium Risk
2012,8,Concrete,47,False,35.46768242410719,80.03922396578963,True,Medium Risk
1981,9,Brick,24,True,33.660798413184125,80.24357478253967,False,Medium Risk
1982,9,Concrete,25,False,29.432942302241802,90.76685371034651,False,Medium Risk
2016,4,Wood,5,False,16.046475712023668,73.67566656288982,True,Low Risk
1967,5,Brick,44,True,16.16686522106332,91.7873462494018,True,High Risk
1974,2,Steel,36,False,35.9374492929351,86.81366630295553,True,Low Risk
2003,9,Steel,34,True,8.29825038213507,80.1501234396062,True,High Risk
2007,8,Steel,47,True,28.76544922402219,81.28282988093218,True,High Risk
2016,3,Brick,23,False,28.481138714102602,75.44276900839678,True,Low Risk
1995,9,Concrete,48,True,26.057996687544126,89.81131564821227,False,High Risk
1973,3,Wood,46,True,36.71315653651911,82.87336752685276,False,Medium Risk
1981,9,Concrete,23,False,17.044503637148033,77.30478173974547,False,Medium Risk
1996,2,Concrete,46,False,17.859184050004195,85.28545335706755,True,Medium Risk
1972,9,Wood,13,False,10.28924268545011,96.87629910948837,False,Low Risk
2015,8,Wood,41,True,20.841145959768387,80.62260611004007,True,High Risk
1976,9,Brick,6,True,15.570407260810594,94.70005062257997,True,Medium Risk
1951,5,Brick,3,False,17.958214363151683,78.00548835781242,False,Low Risk
1966,2,Brick,30,True,32.2025819174132,69.58724850082459,True,Medium Risk
1982,8,Brick,26,False,35.12905089229737,73.92302108468444,True,Medium Risk
1958,6,Brick,37,False,13.386259088150382,80.14215915650284,True,Medium Risk
1992,8,Wood,15,True,18.802759015050512,74.3694129292425,True,Medium Risk
1997,5,Concrete,49,False,34.93028630134643,68.0065841083294,True,Medium Risk
1988,2,Brick,36,True,9.792445359987456,94.53504459467828,True,Medium Risk
1991,6,Brick,13,True,10.678455315229977,92.47250292569694,False,Medium Risk
1975,5,Concrete,38,False,12.720938686980652,89.52647471312147,True,Medium Risk
1999,5,Brick,19,True,25.261172189679368,72.86662327373483,True,Medium Risk
1974,1,Concrete,37,False,12.363695859173927,71.4905437100896,True,Low Risk
1973,2,Concrete,20,True,36.074215062071275,69.96053773469912,True,Medium Risk
1962,8,Wood,42,True,20.95472129049709,88.99684647441472,False,High Risk
2009,3,Steel,24,True,22.544020850154823,94.93543085994867,False,Low Risk
1956,3,Wood,26,False,15.15309985835679,80.48553880647808,True,Low Risk
2006,8,Steel,21,True,21.65784732060727,71.4550794878854,True,Medium Risk
1985,8,Steel,39,False,27.195495346473333,82.85939180123108,True,Medium Risk
1994,2,Steel,41,True,29.78413697166724,78.11612531630027,False,Medium Risk
1969,8,Brick,23,True,29.862174398587477,78.86992280614993,False,Medium Risk
2014,1,Wood,10,False,24.75884226812856,86.01858810051552,False,Low Risk
1957,6,Steel,30,False,34.22643347482186,88.84282528460386,False,Low Risk
1965,8,Concrete,7,False,31.70482757187717,71.20750436732166,True,Medium Risk
1963,3,Brick,19,False,29.954395326260137,69.03211669338782,False,Low Risk
1964,8,Wood,39,False,9.612560128733358,96.83557877788573,False,Medium Risk
2015,1,Steel,38,True,8.19946090436983,74.749122118551,True,Medium Risk
1981,9,Concrete,21,True,14.160971038668716,69.56108522234531,True,High Risk
2012,9,Wood,29,False,27.242184223490117,73.50638454378168,False,Medium Risk
2000,5,Wood,36,True,19.92472717759383,69.12977754410547,False,Medium Risk
1974,4,Brick,13,True,19.66978151968004,79.36251594389798,False,Low Risk
2007,6,Wood,47,True,33.6530197586588,91.26965174908841,False,Medium Risk
2012,7,Brick,49,False,33.971322595823324,77.8960890429739,True,Medium Risk
2011,5,Steel,14,True,34.36608265755399,80.88131879947264,True,Medium Risk
1971,9,Brick,23,True,17.102464218935793,87.59201643345573,False,Medium Risk
2007,3,Concrete,13,True,28.040618569438593,82.75792803202653,False,Low Risk
2007,7,Brick,41,False,15.877362256956719,92.9819248946184,False,Medium Risk
1998,5,Concrete,30,True,13.527685159159045,93.11503457632693,False,Medium Risk
2001,7,Brick,7,True,13.354341263073707,68.28741016924346,False,Medium Risk
1991,2,Wood,19,False,17.921121005044228,90.56334288801278,True,Low Risk
2019,4,Steel,22,False,20.46877097361483,81.36127440700854,True,Low Risk
1964,2,Concrete,43,True,32.09752596059698,96.67637569780624,True,Medium Risk
2003,7,Brick,48,True,11.476841710708651,82.01373020038761,False,Medium Risk
2009,2,Brick,14,False,29.31284957445193,96.61998241626063,False,Low Risk
1957,1,Brick,8,False,23.412192511489856,89.88251147496636,True,Low Risk
2002,9,Wood,19,False,16.35041493760378,75.20954165378588,True,Medium Risk
2009,1,Wood,21,False,22.291767951451913,83.61345439932177,False,Low Risk
1954,8,Concrete,28,False,16.698320023533658,96.77193354487889,True,Medium Risk
2017,2,Concrete,46,False,25.286376701910875,92.86838762480579,False,Low Risk
1955,8,Wood,46,False,20.581473762802084,70.8236399199454,False,Medium Risk
1996,3,Concrete,34,True,12.767760343287483,88.48478790748989,True,Medium Risk
2004,6,Steel,8,False,11.380909162115206,78.02180799025358,True,Low Risk
1989,3,Steel,38,False,23.854174780091775,68.20248559453009,True,Medium Risk
2001,7,Wood,40,True,34.169977965297,79.70094810178298,False,Medium Risk
1965,9,Concrete,13,False,17.97477291017288,74.80787823002417,False,Low Risk
1962,2,Brick,35,False,29.257003109456072,91.74720884509367,True,Low Risk
1979,5,Steel,26,True,27.101179293253242,77.7825876565272,False,Medium Risk
1968,6,Wood,25,False,35.01509251497495,91.99818712466069,False,Low Risk
1966,4,Concrete,17,True,31.808449501675085,68.01734022620906,False,Medium Risk
2012,4,Wood,29,True,24.431552508258427,76.92675535075746,True,Medium Risk
1968,4,Brick,13,True,27.053884448789113,74.9937912149251,False,Low Risk
2007,2,Steel,19,True,34.053207530937016,74.77345347098972,True,Medium Risk
2004,4,Wood,16,False,19.58604475302111,69.97741197319841,True,Low Risk
2011,1,Wood,29,True,17.477046469875546,73.42660384190455,False,Low Risk
1972,6,Wood,20,True,8.313521425420694,84.11093752668297,True,Medium Risk
1958,1,Brick,30,False,31.969981151552464,76.44947111229459,False,Low Risk
1961,6,Wood,49,True,31.228440311697582,80.10444868754529,True,High Risk
1950,1,Brick,49,True,11.02918102490439,78.92913953006847,True,Medium Risk
2007,6,Brick,6,True,24.72886405284831,93.40124282499694,False,Low Risk
1950,8,Brick,9,True,21.455469246839733,94.25367097130496,True,Medium Risk
1983,2,Steel,47,False,11.442563769764233,82.29575217801994,True,Medium Risk
1997,2,Steel,37,True,36.436478584760984,77.57452255915253,True,Medium Risk
1950,4,Wood,11,False,14.226180736437307,71.09722041606855,False,Low Risk
1965,3,Wood,10,False,9.949791222626274,95.64868350208076,False,Low Risk
2010,4,Steel,47,True,25.25057400555538,69.74658140210863,True,Medium Risk
2013,7,Concrete,19,True,29.42713363685795,76.63185804948013,True,Medium Risk
2012,1,Steel,19,True,8.940859935368422,76.64391983393011,True,Low Risk
2018,6,Brick,35,True,27.10281152308364,77.29163729806623,False,Medium Risk
1971,3,Steel,34,False,23.43646440259218,72.76431845489986,False,Low Risk
2016,7,Brick,10,False,10.994685257376403,90.71168149678722,True,Low Risk
1975,2,Wood,21,False,13.0031924314445,71.55243799701368,False,Low Risk
1965,2,Concrete,40,True,24.471254622166335,86.41229311544171,False,Medium Risk
2000,4,Wood,5,False,16.59437079188536,71.59153477446871,False,Low Risk
2006,1,Brick,7,True,35.21115613088817,70.04553349019574,False,Low Risk
1978,3,Brick,15,True,31.743466655037473,94.37345560689042,True,Medium Risk
2018,9,Brick,49,True,36.52344898889623,73.51373422324247,False,High Risk
1996,7,Concrete,48,True,15.530454329562005,91.81625448223143,False,Medium Risk
2011,7,Steel,33,True,36.12198535114133,83.79429526210694,True,Medium Risk
2018,4,Wood,18,False,20.50578222395518,70.25783906865432,True,Low Risk
1965,2,Wood,34,False,18.078045064098884,95.70799755170395,False,Low Risk
1997,4,Steel,24,True,9.460136282111243,75.16187384276489,False,Medium Risk
1988,6,Wood,31,False,9.530192477928477,92.92971501522558,True,Medium Risk
1982,3,Concrete,24,True,28.068326422452987,72.89549016775236,True,Medium Risk
1972,1,Wood,45,True,21.27994083858681,92.76434358211372,True,Medium Risk
1959,8,Brick,5,True,14.569127155047067,68.38363557425353,False,Medium Risk
2018,5,Steel,12,False,25.805138883431745,82.84163324051494,False,Low Risk
1983,5,Concrete,44,True,15.332885429253224,90.31383480322515,True,High Risk
2001,4,Steel,23,True,24.751320875988256,95.10907000729071,False,Medium Risk
1959,6,Concrete,18,False,18.41705366249802,94.36686194998812,True,Medium Risk
1968,3,Brick,14,False,31.883014571742752,91.7691212168817,False,Low Risk
2007,9,Steel,4,False,31.8001886622366,93.75754914017782,True,Medium Risk
1950,5,Wood,43,True,21.843161545549638,73.77737088927522,True,High Risk
2018,3,Concrete,26,True,18.17375417071545,76.24134457564014,False,Low Risk
1953,1,Steel,37,False,18.51423410021374,76.3800872227107,False,Low Risk
1965,6,Wood,32,True,31.365721244378317,78.93456399904926,False,Medium Risk
1973,2,Steel,32,False,17.517205001130748,79.40629944117048,False,Low Risk
1951,3,Steel,49,False,14.062721837498534,83.79210441498559,False,Medium Risk
1981,1,Steel,37,True,10.455961914383899,72.6365131376268,False,Medium Risk
1973,9,Concrete,21,True,21.534100505647842,88.04615324979369,True,High Risk
1961,8,Wood,10,False,21.981830868675416,72.8594296398307,False,Low Risk
1999,2,Brick,28,False,32.38635260168431,76.99894598103188,True,Low Risk
1984,8,Concrete,42,False,14.415922196935856,82.59700878757846,True,Medium Risk
1982,9,Concrete,9,False,19.048746936383598,91.09677628418083,False,Low Risk
1982,1,Concrete,32,True,31.443766427917037,89.44460776392309,True,Medium Risk
2010,5,Brick,9,False,31.885084711720232,86.72049633590515,True,Low Risk
2000,8,Wood,5,False,19.15372120338428,72.51742455682493,False,Low Risk
1992,2,Wood,3,False,21.314596675313744,83.86431502285176,False,Low Risk
1961,4,Wood,38,True,16.795290834629206,70.53594855219667,False,Medium Risk
2016,7,Steel,27,True,35.04409147416005,78.94353212710287,True,Medium Risk
2014,3,Steel,39,False,11.440669206505829,79.99197937840881,False,Low Risk
1982,5,Steel,3,True,35.07873326704263,69.15453174392687,False,Low Risk
1989,8,Brick,17,True,27.832127103224952,75.94565488462918,False,Medium Risk
1992,3,Steel,39,True,23.415592427915204,95.7138345507282,False,Medium Risk
1993,4,Brick,15,False,8.94711276275038,95.655345627061,True,Low Risk
1978,9,Wood,42,False,21.792289562838242,78.21748457332365,False,Medium Risk
1962,7,Steel,10,True,19.82469504507924,69.2499031595014,True,Medium Risk
1961,1,Steel,7,False,12.675345547278553,73.19375324051727,False,Low Risk
1995,4,Concrete,11,False,27.03587850151905,79.37431600957267,True,Low Risk
1951,4,Brick,3,True,36.16337631368029,95.48561124110766,True,Medium Risk
1984,9,Wood,38,True,24.303475520871228,72.09477284257837,True,High Risk
1957,6,Concrete,37,False,28.72784501687443,90.14195946637815,False,Medium Risk
1975,9,Concrete,4,True,9.985063124414486,71.15179364186606,True,Medium Risk
1983,6,Wood,42,False,20.112342878692846,96.45646974434703,False,Medium Risk
1956,6,Concrete,25,False,11.37439606977038,79.06687847416491,False,Low Risk
2017,5,Brick,11,True,25.7710792305588,90.48180162807262,False,Low Risk
2007,5,Brick,36,False,35.21598258821048,77.93514140152283,False,Low Risk
1978,2,Steel,48,False,27.191554241677515,86.20239743760546,False,Low Risk
1985,8,Concrete,16,True,10.227288401118225,73.56846645746107,True,Medium Risk
1970,8,Steel,6,True,18.2853199445674,72.23460955961191,False,Medium Risk
1985,1,Concrete,32,True,23.969238003784696,95.20386004747581,True,Medium Risk
1959,8,Brick,33,False,19.693024927864315,94.61177105922857,True,Medium Risk
1973,5,Brick,40,True,32.175676303779994,93.73659926617358,True,High Risk
2013,2,Brick,13,True,31.625459136589686,86.13757005483122,True,Low Risk
1998,2,Concrete,37,True,25.743099582993423,91.43977812527207,True,Medium Risk
1985,6,Brick,10,True,18.830280408848452,70.00207117042987,True,Medium Risk
1973,9,Concrete,5,False,15.40475483913408,77.7088822148297,True,Medium Risk
1972,1,Steel,16,False,11.07035522818075,77.09739061795753,False,Low Risk
2011,6,Concrete,15,True,18.29203282111007,86.43371433662578,True,Medium Risk
1986,9,Steel,47,False,19.982002999023866,78.32277543064858,False,Medium Risk
1961,8,Concrete,34,True,27.598864828018133,72.30669666766674,True,High Risk
2004,6,Steel,36,True,27.08663490462963,85.29754518699276,True,Medium Risk
1962,3,Brick,47,False,10.033136049596452,91.61713369940337,True,Medium Risk
1972,8,Steel,21,False,19.462520147503575,79.08158133933922,True,Medium Risk
1979,9,Brick,40,True,13.271587149303496,71.83579273785597,False,High Risk
1966,1,Brick,18,True,12.547568454187365,73.70395772207186,False,Low Risk
2011,9,Steel,4,False,31.99176234238013,74.88701584991213,False,Low Risk
1962,6,Concrete,42,True,9.215541284771469,76.69703019684155,True,High Risk
2008,6,Concrete,19,False,20.15630340116152,86.64105704468297,True,Low Risk
1968,4,Wood,36,True,12.877906017229027,85.42741905159386,True,Medium Risk
1998,1,Concrete,44,True,33.50057625467575,88.18631598544414,False,Medium Risk
1961,8,Wood,18,False,24.15417488497602,78.51255755141388,True,Medium Risk
2010,2,Concrete,40,False,14.710038454928593,91.89593190451937,False,Low Risk
1968,1,Concrete,4,False,22.570391327824915,73.91854217351705,False,Low Risk
1958,2,Brick,4,False,29.21310443139036,81.60218167802647,True,Low Risk
2020,1,Wood,28,False,35.78542225866358,91.22722292470148,True,Low Risk
1977,1,Concrete,15,False,14.392934123117149,73.22460078424596,False,Low Risk
2001,9,Wood,49,False,33.69927139175101,71.1860302984827,False,Medium Risk
1965,1,Brick,33,True,35.09481931085722,93.6268350629517,False,Medium Risk
2018,4,Brick,36,True,34.576195791429924,77.94496022001668,True,Medium Risk
1961,6,Wood,41,True,26.427016348995384,87.83223362236193,True,High Risk
1974,7,Brick,5,False,26.264798978606525,68.73510952365422,True,Low Risk
2001,2,Steel,10,False,19.69310836233086,88.01135976387404,True,Low Risk
2002,6,Steel,25,False,29.81953858680985,77.16693803486214,True,Medium Risk
1972,7,Brick,16,True,23.407526532177027,69.61648475403581,True,Medium Risk
1965,2,Steel,29,False,27.64570406562054,85.6845700848954,False,Low Risk
2006,2,Concrete,31,False,20.42527921161507,74.98331066612202,False,Low Risk
1988,7,Wood,41,True,29.213397457251034,79.21741001950451,False,Medium Risk
2002,1,Concrete,41,False,31.909674010531923,70.33684355630889,True,Low Risk
1991,8,Wood,3,True,12.246651441481667,72.26773428175342,False,Medium Risk
2007,3,Brick,19,True,32.154961751652614,76.64133982937946,True,Medium Risk
1988,6,Concrete,43,False,23.66859942191891,70.60302551624456,True,Medium Risk
1963,9,Brick,32,False,32.49531136361651,94.41396167590314,False,Medium Risk
1954,6,Brick,15,False,20.507749483889423,68.17536425233537,True,Medium Risk
1984,9,Wood,23,True,18.992174076108014,82.03194634706503,False,Medium Risk
1967,7,Wood,21,True,34.53676124299945,71.57417628584399,False,Medium Risk
1958,9,Wood,21,True,15.283908758903639,76.9226935948605,True,High Risk
2007,2,Concrete,27,False,32.48215743329815,94.8557272347297,False,Low Risk
1966,8,Steel,24,False,22.03659660277272,72.68914204494561,False,Medium Risk
1956,8,Wood,33,False,22.90876783398653,96.00913727183165,False,Medium Risk
1995,2,Wood,19,False,16.945580163195036,73.96803693269322,False,Low Risk
1962,4,Concrete,25,True,24.618223817951453,89.50541714553806,True,Medium Risk
1989,7,Wood,34,True,17.43112469201013,83.85364068202205,False,Medium Risk
1991,4,Concrete,12,True,9.138813013007917,93.64988310030601,False,Low Risk
1958,4,Brick,12,True,15.887959554986326,84.0658044095908,False,Low Risk
1999,6,Wood,38,False,8.18499225879113,83.50221735553295,True,Medium Risk
1976,6,Wood,10,False,36.37228882464884,73.6682820106836,False,Low Risk
2015,3,Brick,22,False,36.00666908477268,72.8206514994981,True,Low Risk
1954,9,Brick,34,True,19.459503626696847,94.57818538234991,False,High Risk
1978,2,Brick,16,True,29.122754775849735,77.507307766651,False,Low Risk
1986,6,Wood,30,False,18.028376853902323,78.79038539392398,False,Low Risk
1987,7,Steel,48,False,27.461701555493306,90.03488609442326,True,Medium Risk
1957,9,Steel,26,True,31.357471248333393,77.82588099026141,True,High Risk
2014,3,Steel,17,False,35.45593109607498,95.60981095253108,True,Low Risk
1966,3,Wood,24,True,19.60615599964049,89.3999053009652,True,Medium Risk
2020,7,Brick,32,True,30.715641505725383,85.32544803462918,True,Medium Risk
1994,4,Wood,6,True,15.711925068331444,93.54595965579782,True,Medium Risk
1953,8,Brick,15,False,36.7196368100158,69.438571342135,False,Low Risk
1985,7,Wood,25,False,8.747318364166183,75.45481807348705,True,Medium Risk
2019,5,Wood,10,True,25.502335388532508,81.48605369240639,False,Low Risk
1980,7,Brick,20,False,27.125673467888486,74.58237764467411,True,Medium Risk
1968,3,Steel,14,True,27.953321155149737,89.5732504317624,True,Medium Risk
2010,2,Brick,33,True,11.491239784883582,94.65703290055802,True,Medium Risk
2003,6,Concrete,16,True,35.21736372072078,80.28933347799678,False,Medium Risk
1988,2,Concrete,36,True,13.254315092452401,77.92184540324496,True,Medium Risk
1968,3,Brick,20,False,26.05984869395539,95.88497123198943,True,Low Risk
1988,6,Wood,36,True,14.457606294569464,80.90072055199869,False,Medium Risk
2016,5,Concrete,13,True,16.909276093616857,82.18240361302921,False,Low Risk
1994,8,Concrete,43,False,23.847297710115605,78.19784629791525,False,Medium Risk
1962,9,Wood,14,True,20.098609138372716,94.37690571735202,False,Medium Risk
2007,3,Wood,17,True,12.646542428318682,84.49970901517366,True,Medium Risk
1969,3,Steel,33,False,12.9571556702046,90.1030630282677,False,Low Risk
2021,3,Wood,31,False,20.12619885672119,91.5423948321757,True,Low Risk
2010,6,Brick,28,False,29.961206369989522,77.91362221560048,True,Medium Risk
1988,1,Brick,20,True,34.04097475858587,80.57713560829102,False,Low Risk
1950,7,Steel,34,False,10.439702205522103,92.60568145778167,True,Medium Risk
1952,1,Concrete,24,False,19.40001331922263,78.53440519859849,False,Low Risk
2011,5,Concrete,40,True,10.907121347963422,91.02411887010369,True,Medium Risk
2012,8,Wood,19,True,8.481181938345339,95.28877735465868,False,Medium Risk
1974,4,Brick,25,True,27.18984179667474,86.0731008189722,False,Medium Risk
2005,5,Concrete,26,True,25.471033817031046,89.50719133610478,False,Medium Risk
1982,4,Steel,10,True,12.7275543006317,91.34782204919291,False,Low Risk
1987,4,Steel,43,False,14.78057215969886,92.50614981800263,False,Low Risk
1955,8,Brick,8,False,8.687524855691032,79.45654679784708,False,Low Risk
2007,2,Steel,7,False,32.21346896513771,69.48664031610394,True,Low Risk
1993,1,Steel,46,True,36.26602728540799,79.65441186586544,True,Medium Risk
1994,3,Brick,31,True,11.928326567046033,87.5389306637386,True,Medium Risk
1981,9,Wood,30,True,14.712781199193646,81.06016118764299,False,Medium Risk
1994,4,Wood,13,False,33.18387619446109,89.71993137495156,True,Low Risk
2010,5,Steel,3,False,34.86745014072936,78.35249045459125,False,Low Risk
1996,2,Wood,45,True,20.1691941013975,86.40758009201686,True,Medium Risk
1970,4,Wood,21,False,9.46805169580315,73.40617434076526,True,Low Risk
1985,2,Steel,11,True,9.142363177091763,89.73171366270375,False,Low Risk
1968,2,Wood,29,False,24.6445461160013,83.82518309557776,True,Low Risk
1969,4,Steel,36,False,19.39395815790219,73.91786726785142,True,Medium Risk
2006,6,Concrete,46,False,8.830920399751982,76.46542403143641,True,Medium Risk
1967,7,Brick,6,True,24.914319377064146,89.70965254887314,False,Medium Risk
1996,3,Brick,38,False,8.327773561081651,81.9954358341841,True,Medium Risk
1998,3,Wood,20,False,30.833786786328915,74.2649117713991,False,Low Risk
1963,6,Wood,17,True,16.886551858397773,96.05086452073863,True,Medium Risk
1964,3,Wood,15,False,9.16748208726773,88.73862557468975,True,Low Risk
1980,2,Brick,21,True,25.062214408511448,95.7569101436541,True,Medium Risk
1950,8,Concrete,8,True,19.532848018558585,80.38604631544996,True,Medium Risk
2003,5,Concrete,14,True,36.240211987357334,81.7779098800599,False,Low Risk
1952,1,Brick,39,True,23.781761212607364,94.04070126936556,True,Medium Risk
1965,3,Concrete,19,True,15.98193625007324,83.22643086711615,False,Low Risk
2006,8,Brick,25,False,28.573727074385268,88.51108844526435,False,Low Risk
1961,4,Concrete,28,True,15.873268073738629,75.31301344737037,True,Medium Risk
1965,7,Steel,31,True,34.22305545081939,80.95506759237658,True,High Risk
2021,2,Steel,35,True,18.866937144713916,71.5800461085003,False,Low Risk
1973,7,Brick,29,True,23.94618832050995,73.97342104043189,False,Medium Risk
1977,5,Concrete,27,False,9.466620010902638,68.0273590427613,True,Medium Risk
1957,5,Wood,12,True,20.357515900614693,69.13868649781115,True,Medium Risk
1985,6,Concrete,49,False,32.13854265016886,96.34123087213095,True,Medium Risk
1957,9,Steel,25,True,31.363815355536914,75.02825715896611,True,High Risk
2007,6,Steel,23,False,14.50523820675226,87.23601057561606,True,Medium Risk
2009,8,Concrete,23,True,14.556293059306318,92.33389126518874,False,Medium Risk
1999,7,Concrete,45,True,31.701854054183865,83.96915331786036,True,High Risk
1977,9,Wood,15,False,34.981554184910436,72.44119050243472,True,Medium Risk
1990,4,Wood,39,True,10.765466716917103,89.11537668274883,False,Medium Risk
2013,2,Concrete,35,False,21.051700543360532,85.40729089288791,True,Low Risk
1976,7,Concrete,26,True,17.786174089962643,89.20626709107387,True,Medium Risk
2012,6,Concrete,46,False,33.24996520826574,90.32265206285552,False,Medium Risk
1966,1,Concrete,13,True,10.422222525720544,96.2869006628576,True,Medium Risk
1982,9,Brick,19,True,14.122652334183085,84.63333512077459,False,Medium Risk
1978,9,Concrete,6,False,29.821581790008334,77.90759226802746,True,Medium Risk
1962,2,Wood,49,True,9.487521620455253,86.80547215010688,True,Medium Risk
1995,3,Steel,27,True,22.28352604071439,69.98478056803616,True,Medium Risk
1984,5,Brick,32,True,20.82110400571188,94.024522231326,False,Medium Risk
1955,5,Concrete,11,True,17.69763419067371,71.46204932880771,False,Medium Risk
2018,1,Steel,23,True,19.44259714424879,77.50744229868873,False,Low Risk
1996,8,Brick,22,True,23.368277020976755,91.65661603815751,False,Medium Risk
1974,8,Steel,21,False,12.67965339326311,85.32205897159065,True,Medium Risk
2015,4,Concrete,21,False,24.587880470224192,79.41543008804582,False,Low Risk
1959,7,Concrete,14,False,31.357537549699604,81.72963412187562,False,Low Risk
2005,3,Wood,39,True,30.04466696391461,92.78187440286322,False,Medium Risk
1979,6,Concrete,44,False,12.463097236119436,77.86012719573688,True,Medium Risk
1954,9,Concrete,19,True,12.328234622502743,93.21984085955296,True,High Risk
1982,1,Brick,39,True,15.777056664602487,70.55589849832405,False,Medium Risk
2014,5,Wood,41,True,18.47116706389008,90.52715467905028,False,Medium Risk
1967,4,Brick,30,True,19.845211860845993,92.57888135858735,True,Medium Risk
1998,8,Steel,43,False,27.711219288167012,73.27271193228282,False,Medium Risk
1960,1,Concrete,37,True,9.643732532809226,80.48004943879381,False,Medium Risk
1975,9,Steel,49,False,9.005508422555925,72.79949346524602,False,Medium Risk
2012,6,Brick,20,True,19.365406325373364,88.49151974083232,False,Medium Risk
2008,4,Concrete,16,False,28.217747072001433,83.52508527378805,True,Low Risk
1976,9,Concrete,37,False,13.609624945737995,86.42437705454131,True,Medium Risk
1998,5,Brick,46,False,26.6036299564313,73.69812204173013,True,Medium Risk
1982,5,Brick,43,False,15.535016000268683,74.14062999952017,False,Medium Risk
1950,5,Brick,9,False,33.69649715559197,69.20342243978729,False,Low Risk
1970,1,Brick,43,False,33.975008383731875,77.33995852067616,True,Low Risk
2004,1,Brick,15,True,16.62132892415847,84.23259517867658,True,Low Risk
1955,8,Concrete,20,False,14.669818864933974,92.88011250592254,True,Medium Risk
2018,8,Brick,39,True,19.927815189920707,87.34089597630174,False,Medium Risk
1954,6,Concrete,15,False,14.975415970224313,80.62649337859278,True,Medium Risk
1952,4,Concrete,38,True,27.499131455459406,95.64048331743,False,Medium Risk
2002,2,Brick,33,False,31.95587585190028,88.85811081669912,False,Low Risk
1972,2,Brick,4,False,27.519671796425293,94.97479088301395,True,Low Risk
2002,9,Wood,18,True,31.906162970231136,83.3000512248928,True,Medium Risk
1986,5,Concrete,11,False,19.51277270401675,75.50822396900105,False,Low Risk
1966,4,Brick,11,False,12.533192150556964,69.53197390457694,True,Low Risk
1950,1,Brick,40,False,29.400577474530174,89.05646069303167,True,Medium Risk
2000,7,Brick,13,True,18.453760649105064,71.51778694216048,False,Medium Risk
1994,3,Wood,24,False,27.46685393164484,76.78047871988704,False,Low Risk
1953,6,Wood,35,True,15.848674317471204,83.44165632863303,False,Medium Risk
2011,5,Steel,38,False,10.355659409393507,84.36808104561268,False,Low Risk
2014,5,Concrete,47,False,36.78487206914514,85.41691271262695,False,Low Risk
1981,5,Steel,25,True,12.52984372998738,72.82140458014132,True,Medium Risk
1983,1,Brick,47,False,36.66420882494095,79.01238473982781,False,Low Risk
2021,1,Wood,47,False,36.34111804442697,85.89863258639204,False,Low Risk
1988,3,Wood,36,True,31.02072501333315,96.12474707437975,False,Medium Risk
1975,4,Steel,11,False,27.12326590037793,89.10130299329097,True,Low Risk
1983,5,Wood,26,True,24.756404457281455,94.75550895572478,False,Medium Risk
2003,2,Brick,10,True,33.116944815957204,90.10414969111113,False,Low Risk
1952,8,Wood,9,True,16.393746126965148,85.15979209787962,False,Medium Risk
1999,2,Steel,38,False,21.562755162061435,73.568677704954,True,Low Risk
1961,9,Brick,20,True,25.962309111628556,87.33388390488288,False,Medium Risk
2014,2,Steel,5,True,19.92452380021524,86.07800741283731,False,Low Risk
2003,9,Wood,30,False,20.397107168617772,85.47160594326073,False,Medium Risk
1954,7,Steel,8,True,17.578255357560447,82.20379017165898,True,Medium Risk
2006,8,Steel,46,False,24.362722683851544,83.331041515689,True,Medium Risk
1966,2,Concrete,46,False,32.666661312438364,77.69883328642501,True,Medium Risk
1996,7,Wood,23,False,13.844322962183073,83.06006808662679,True,Medium Risk
1972,6,Wood,30,False,35.0985581238498,73.72912126467587,False,Low Risk
1963,4,Steel,42,True,27.98354195869866,91.35005752345093,False,Medium Risk
2015,7,Concrete,3,True,31.874923167720876,73.38753168626252,True,Medium Risk
2000,4,Wood,38,True,24.12953008627034,70.46402240679453,True,Medium Risk
1987,2,Brick,23,True,30.60598434129784,80.65113476435756,False,Low Risk
2013,7,Steel,45,True,8.46981152284455,87.0909157456758,False,Medium Risk
1987,8,Wood,37,False,31.733032318606522,80.6937879230727,True,Medium Risk
1999,2,Brick,15,True,9.16402691347563,76.02586982658795,True,Medium Risk
1979,5,Wood,12,True,33.80748791452301,84.18696433282278,True,Medium Risk
2000,1,Brick,46,True,36.766919669920654,78.0630677269538,True,Medium Risk
2012,7,Steel,49,False,16.527956403126556,95.05316301367236,False,Medium Risk
2001,8,Wood,12,False,14.099238132288015,94.7567090485036,True,Medium Risk
1987,6,Wood,48,True,30.19553755188318,82.56878277919077,True,High Risk
1979,5,Concrete,15,False,15.337763886687345,77.5086358265295,False,Low Risk
2000,6,Steel,39,True,33.1013091119939,89.37684000474253,False,Medium Risk
1954,2,Brick,40,True,10.982435172566824,69.06467536100894,False,Medium Risk
1978,1,Wood,26,False,11.65270069500139,81.76830117526589,False,Low Risk
1953,7,Wood,4,False,36.395395097917856,77.75337843383967,False,Low Risk
1959,7,Brick,24,True,27.541328049830135,94.69554066797409,True,Medium Risk
2005,2,Steel,19,True,32.55972950843963,68.3480877909078,True,Medium Risk
1966,2,Concrete,38,False,17.40555194319402,84.03163139583212,True,Medium Risk
1966,1,Concrete,16,True,27.61802873609753,89.47924385093215,False,Low Risk
2018,8,Wood,12,False,25.23301299194932,82.0655216381972,True,Medium Risk
1983,8,Brick,37,True,25.49135348356546,70.47668787471893,False,Medium Risk
1955,1,Wood,27,False,27.793441326593925,96.20138031080916,True,Low Risk
2002,8,Brick,5,True,24.685416020743858,83.02230250990684,True,Medium Risk
2015,9,Concrete,49,True,20.44280870977731,85.81140108525133,False,High Risk
1992,4,Steel,40,False,16.001758137035857,74.86168369851771,False,Low Risk
1972,1,Brick,19,True,30.288858596482857,82.02144446809731,True,Medium Risk
2004,1,Concrete,14,True,14.5619004700924,80.44533526679133,True,Low Risk
1965,3,Wood,26,False,28.078274878478013,70.17197941805753,True,Low Risk
1957,5,Brick,31,True,14.766651856830473,71.07865025287654,True,Medium Risk
1953,5,Steel,45,True,26.134574928679164,92.28670306894446,True,High Risk
1953,9,Wood,27,True,29.66526974674184,74.95477861399112,False,Medium Risk
2005,2,Wood,38,False,14.342702778289636,73.65378987346028,False,Low Risk
1974,2,Concrete,28,False,9.73835572497794,82.64243208625403,False,Low Risk
2016,6,Brick,40,False,11.798238546831048,90.29366680951287,False,Low Risk
2016,9,Wood,3,True,25.57391205085974,69.79644903879066,True,Medium Risk
1976,1,Steel,22,True,32.63394578054633,84.72742966950942,True,Medium Risk
1981,9,Brick,30,True,9.304907815827306,71.45710284237663,False,Medium Risk
1999,9,Steel,18,True,29.290386512207743,69.05737047394294,True,Medium Risk
2010,9,Wood,49,False,17.898240732551514,69.52957461270431,False,Medium Risk
2000,5,Steel,19,True,21.877322727666154,92.1907591380448,True,Medium Risk
1968,9,Concrete,42,True,34.93692694552141,71.42120202521379,True,High Risk
1970,4,Steel,30,True,17.627173637339517,69.30938956795647,True,Medium Risk
1954,2,Brick,14,False,21.494771084245095,80.69909672714445,False,Low Risk
1991,6,Steel,29,True,8.396790028059751,92.47581068631872,False,Medium Risk
2010,4,Steel,44,True,10.366362880140313,75.60984291818976,False,Medium Risk
1971,6,Concrete,49,True,15.499156142908737,80.22966590825158,False,Medium Risk
1970,3,Steel,32,True,8.807714983811158,69.15775344434878,True,Medium Risk
2019,6,Steel,43,True,26.309884455399278,81.0232769099114,True,High Risk
1950,2,Wood,36,False,20.365552347247053,84.75077933847687,True,Medium Risk
1954,2,Wood,39,True,23.896210879112637,84.5563045588122,True,Medium Risk
1961,9,Brick,8,True,13.064768390993557,77.64037407305659,False,Medium Risk
1995,7,Wood,9,True,16.582028853661868,77.15046223923093,True,Medium Risk
1983,3,Wood,34,True,27.250909770729027,71.09208494916133,True,Medium Risk
1998,1,Wood,34,True,35.993778985281594,78.63715129874178,True,Medium Risk
1994,8,Wood,27,True,9.462086434464066,70.88534539731597,False,Medium Risk
1976,6,Concrete,35,True,33.82114530480271,90.2312823966495,False,Medium Risk
1975,7,Wood,9,True,24.729554838025045,96.0219546346974,False,Medium Risk
1996,9,Concrete,14,True,24.35366743591309,96.1321592433345,True,Medium Risk
2005,5,Concrete,18,True,22.50807752102505,93.08706188188643,False,Medium Risk
2012,1,Wood,18,False,10.012428491221318,85.42297233084895,True,Low Risk
1997,7,Steel,45,False,10.606428700348658,88.32510522007252,True,Medium Risk
2010,5,Concrete,38,False,25.426448164113495,76.27096827773201,True,Medium Risk
1975,3,Steel,15,False,17.88779857163119,86.29234218500599,False,Low Risk
1985,9,Steel,9,True,34.60077393075274,81.21383693375645,False,Medium Risk
1950,1,Wood,38,False,19.791125583424694,81.97850285353104,True,Low Risk
1957,1,Brick,49,False,12.155162302376592,89.97552025087958,True,Medium Risk
2001,1,Wood,11,True,28.726846171559046,76.1756323123203,False,Low Risk
1996,3,Brick,34,False,16.507249221789287,77.22314873914108,False,Low Risk
2005,6,Brick,13,False,23.2386389133209,94.81461194273047,False,Low Risk
1963,3,Wood,10,True,28.23715077964993,69.6305045506782,True,Medium Risk
1977,8,Wood,35,True,34.10765922486004,82.08339465398687,True,High Risk
1951,2,Brick,25,True,30.973544649248606,94.47122321182799,True,Medium Risk
1975,9,Wood,27,False,27.614470968309,85.70052722672655,False,Medium Risk
1963,3,Brick,10,False,27.709362289459165,83.84580515215183,False,Low Risk
2008,5,Steel,47,True,35.431814676930514,75.2425811976513,False,Medium Risk
2005,8,Wood,24,True,16.578898827399545,77.954989182869,True,Medium Risk
1956,2,Steel,6,False,8.032250731689436,92.70940405833609,True,Low Risk
1952,6,Concrete,42,True,15.886682222547762,84.21732582128529,False,Medium Risk
1972,5,Steel,5,False,14.318850009175575,82.92752361894662,True,Low Risk
1967,9,Steel,31,True,27.193202968305947,70.88781169266083,False,Medium Risk
1987,5,Brick,43,True,26.37763639320034,68.46481653719857,True,High Risk
1964,2,Steel,31,False,25.21038009843699,95.94687047192443,False,Low Risk
2013,5,Wood,36,True,8.471059853074157,78.9325988513184,True,Medium Risk
1977,4,Brick,36,True,29.134563579068775,85.49317880088563,True,Medium Risk
1988,7,Concrete,30,True,17.382381962079254,70.31173712243127,False,Medium Risk
2006,6,Wood,15,False,27.286623681192303,87.81031428596835,False,Low Risk
1966,2,Concrete,17,True,24.140774426562448,95.04443455247286,False,Low Risk
1993,5,Steel,25,True,17.93919683740931,84.69429233692517,False,Medium Risk
1974,7,Wood,46,True,11.902711746019126,71.65734434888691,False,Medium Risk
1966,7,Wood,28,True,10.738148032153948,84.86992429673083,True,High Risk
1962,5,Concrete,6,True,32.11403166025448,90.22406918003492,False,Low Risk
1974,9,Wood,28,True,34.63352872036518,79.78607956064654,False,Medium Risk
2017,4,Wood,42,False,26.843853356164686,93.51529469030257,False,Low Risk
1959,3,Wood,11,False,10.999589330954018,86.81180564736357,True,Low Risk
2016,4,Steel,7,True,19.65878928975898,94.07821863038687,False,Low Risk
1967,5,Concrete,34,False,29.13923680304956,86.08165402617277,False,Low Risk
1983,6,Wood,22,False,30.614805636291976,71.8073511881399,False,Low Risk
1957,3,Brick,13,True,11.42834004644157,76.98105962205048,True,Medium Risk
1989,2,Brick,17,False,8.00089084651609,73.85205349932124,True,Low Risk
1991,4,Brick,34,False,28.651974330537545,94.355968433789,False,Low Risk
1990,5,Brick,30,False,18.341289103599962,90.051601951337,True,Medium Risk
1955,4,Steel,24,False,15.379958616929548,87.61555269839018,False,Low Risk
2001,3,Wood,43,False,8.374026623896238,76.72802326931703,True,Medium Risk
1975,8,Concrete,19,False,23.66868279608349,73.3372983894562,False,Low Risk
2013,4,Wood,28,False,32.68337132735347,89.93708155167845,True,Low Risk
2008,2,Steel,46,False,35.77131774190505,81.75058043049332,False,Low Risk
2005,2,Brick,9,True,24.40660356778539,74.54789701236824,False,Low Risk
2008,1,Steel,44,True,22.91937850445693,85.88203736679299,True,Medium Risk
2019,4,Wood,28,False,10.466635179187993,69.1696817120151,False,Low Risk
1982,9,Concrete,27,False,23.917311244735394,77.45893736971935,False,Medium Risk
2002,7,Steel,12,True,19.019393289996444,81.58815284314291,False,Medium Risk
1971,7,Concrete,47,False,25.606923145623732,72.29079168917276,False,Medium Risk
1970,7,Steel,21,False,19.273064088419854,96.55497985013434,True,Medium Risk
2019,8,Concrete,13,True,14.968674580060636,74.06382357309882,False,Medium Risk
2019,1,Concrete,15,True,10.753992981622918,71.7802407712547,True,Low Risk
1953,8,Brick,10,True,17.132634893077977,73.90251134271999,True,Medium Risk
2011,4,Concrete,42,False,10.802700194344816,90.30277286163201,True,Medium Risk
2011,4,Brick,6,False,13.130011573895533,80.33966411888343,True,Low Risk
1973,4,Wood,49,True,36.63274859880683,84.3970622528236,False,Medium Risk
2004,6,Wood,33,True,20.87900315029194,68.60926555260446,False,Medium Risk
1958,7,Brick,30,False,23.42428122864548,68.99850794862613,True,Medium Risk
1952,6,Brick,13,True,33.334937333379244,80.92894094498347,False,Medium Risk
1980,1,Steel,45,False,36.87149811422995,91.68300205284709,True,Low Risk
1989,8,Steel,3,False,24.898719030995764,93.6719274825194,False,Low Risk
1985,7,Steel,49,True,31.561740810280977,70.51449046027356,False,Medium Risk
1973,6,Wood,40,True,17.481289705763583,83.61252996092966,False,Medium Risk
1955,6,Steel,26,False,16.866574765971443,94.48366090209885,True,Medium Risk
2015,5,Concrete,49,True,19.678407908842246,79.2512098775387,True,High Risk
1953,6,Concrete,33,True,27.502710617535826,92.05740911142269,False,Medium Risk
1955,9,Steel,43,True,27.783558988397864,71.87717397758365,True,High Risk
2000,9,Concrete,48,True,17.141943604834076,95.12644020036616,True,High Risk
2011,8,Wood,28,False,11.863087799962232,89.79127620840778,False,Low Risk
2006,9,Concrete,7,False,26.33949143749975,95.29869739082015,True,Medium Risk
2015,8,Wood,22,False,11.721450003474171,87.62189977302269,False,Low Risk
1957,8,Brick,43,False,24.776282738650572,78.53871402798339,False,Medium Risk
1975,1,Brick,13,True,28.10924171363296,95.20725400321695,False,Low Risk
2000,5,Brick,35,True,28.3177333954391,75.99143651296617,True,Medium Risk
1994,4,Brick,40,False,29.850691209128307,77.63300313979025,False,Low Risk
1993,2,Concrete,29,False,33.312923225404276,88.32344412205046,False,Low Risk
1954,8,Steel,36,True,22.498810766978863,90.1941726862362,True,High Risk
2019,3,Concrete,17,False,29.177226496357566,94.95270103162547,True,Low Risk
1975,4,Wood,34,False,25.956009325609266,73.93926986263007,True,Medium Risk
2017,7,Concrete,23,True,13.412558254132794,91.14194302135749,True,Medium Risk
1968,9,Concrete,48,False,8.744999701212837,89.41783554851193,False,Medium Risk
1969,2,Wood,7,True,16.25170018463108,69.85004213135434,True,Medium Risk
1961,3,Brick,8,True,20.847977483790963,79.229471095096,True,Medium Risk
1996,4,Brick,40,False,25.896072388431033,76.20019825474286,True,Medium Risk
1950,1,Brick,24,True,32.648820584592954,76.83022230626688,True,Medium Risk
1963,7,Steel,20,False,13.691125784478803,96.50545950708633,False,Low Risk
2013,2,Wood,16,True,11.640943907055835,86.6405449909179,True,Medium Risk
1987,5,Wood,12,False,35.9409184767555,88.81260857601148,False,Low Risk
1986,1,Concrete,48,False,11.133292221915806,96.32191148213526,True,Medium Risk
1960,3,Steel,15,False,21.876241033108485,78.93885169127152,False,Low Risk
1952,2,Brick,33,True,24.981348135005753,91.25336488513138,False,Medium Risk
1982,1,Steel,32,True,23.69985820631571,80.60139793583036,True,Medium Risk
1955,7,Wood,5,False,10.494932553955353,93.21647648263442,False,Low Risk
1999,5,Wood,32,True,9.653780506104962,73.2390686980278,True,Medium Risk
1959,1,Concrete,8,False,11.059019396370035,95.48289913486411,False,Low Risk
1954,6,Concrete,31,False,24.982042832305762,74.34437954391551,False,Medium Risk
1972,5,Wood,10,True,23.78600174139531,77.46039470244702,False,Medium Risk
1959,3,Brick,46,False,14.778482969065584,89.92957478909663,True,Medium Risk
1993,7,Brick,47,True,26.495450113522153,79.41889910539679,False,Medium Risk
1951,9,Steel,45,False,31.781957559613833,85.63812992622695,True,High Risk
1962,9,Wood,46,True,9.205789835551219,80.89263153101342,False,High Risk
1989,9,Wood,35,False,22.44576836289323,89.52872817560367,False,Medium Risk
1951,2,Brick,19,False,27.99000195097802,74.62160631868971,False,Low Risk
2014,3,Brick,13,True,15.317045885020924,69.69528162986943,False,Low Risk
2012,7,Wood,15,False,16.925356253501324,76.69795252671892,False,Low Risk
1966,5,Concrete,13,False,25.79549918669213,81.75495128118447,False,Low Risk
1958,2,Wood,33,True,34.040123509868366,72.87258151358768,True,Medium Risk
1964,3,Wood,30,False,31.487808188784083,78.28912140003527,True,Medium Risk
1973,6,Brick,46,True,24.910776353887922,79.59950753051349,True,High Risk
1987,7,Brick,8,False,29.176429814960226,69.66436346695993,False,Low Risk
1984,9,Concrete,43,True,18.579851636026163,84.91591019734193,True,High Risk
1998,1,Concrete,18,False,26.588000314863976,93.64595941116734,False,Low Risk
2018,7,Steel,6,False,21.519266142699152,72.40054447563853,True,Low Risk
2011,8,Wood,37,False,13.508147957269266,85.33643238864391,True,Medium Risk
2009,3,Brick,28,True,28.350409942440457,87.27743694241454,False,Low Risk
1999,4,Concrete,14,True,24.137474483115838,80.16070573215936,False,Low Risk
1958,6,Steel,13,True,18.40002587665415,88.33183003356383,True,Medium Risk
1983,7,Steel,39,True,34.42883651228029,79.91121476123935,True,High Risk
1984,4,Brick,27,False,8.607089416975265,82.63448135134561,True,Low Risk
1950,8,Brick,20,False,17.157421386235384,68.21323829207839,True,Medium Risk
1989,5,Steel,21,True,9.64956053555175,88.05988330990597,False,Medium Risk
2013,1,Concrete,25,True,30.22929217042719,87.178937689397,True,Medium Risk
1971,4,Steel,40,True,28.361116169299986,69.113625442464,False,Medium Risk
2009,3,Wood,20,False,17.609214343353194,78.67925311445886,False,Low Risk
2013,9,Wood,28,True,27.59422416400512,96.39192338295835,True,High Risk
2021,8,Brick,8,True,19.482179559682546,80.20136031448989,False,Medium Risk
1960,1,Concrete,6,False,29.931359951250595,82.55641674882341,True,Low Risk
1963,6,Concrete,46,False,21.171326219364474,94.38797458663184,False,Medium Risk
2009,9,Wood,31,True,19.9561121071183,88.80059440010693,False,Medium Risk
1979,7,Steel,36,False,35.10716754916073,84.88003380260248,True,Medium Risk
1984,4,Brick,19,True,15.275493896830307,91.13633575889111,False,Medium Risk
1986,1,Steel,45,False,11.492972859900398,93.06662172722322,False,Low Risk
1954,2,Steel,45,True,24.951750284524287,81.24975408038074,True,Medium Risk
1975,5,Steel,18,True,36.11033255624119,81.77814258302323,False,Medium Risk
2011,5,Concrete,4,True,18.95733719808841,79.19547713390324,False,Low Risk
1953,8,Wood,36,True,9.799066145234665,96.03447806053535,True,High Risk
1991,6,Concrete,10,False,17.839852751977457,88.21782137442017,True,Low Risk
1967,8,Wood,15,False,22.672017975267195,70.41346892003409,False,Low Risk
1989,2,Brick,44,False,12.695767192334198,93.02582907607754,False,Low Risk
2021,3,Brick,10,False,27.08496432363827,81.93623828425177,False,Low Risk
1988,6,Steel,32,True,36.93473228129582,69.99386328625214,True,Medium Risk
1963,3,Wood,34,True,21.10044480346187,83.94180039973602,False,Medium Risk
1981,6,Wood,38,False,18.28712814517617,80.09776409029536,False,Medium Risk
2000,6,Wood,49,False,19.620420838199532,93.45473274101613,False,Medium Risk
1987,2,Steel,32,False,11.339239173460832,73.91584350467224,False,Low Risk
1972,7,Steel,3,False,33.61493444136049,91.96747367527331,False,Low Risk
2012,2,Brick,45,False,20.02994401011921,84.17297204437813,False,Low Risk
1964,6,Concrete,41,True,19.230957931320397,69.5836987931906,True,High Risk
1974,1,Wood,19,True,27.131017914983754,96.18351373843905,True,Medium Risk
1966,3,Wood,22,True,20.81896920700258,82.8658420789928,False,Medium Risk
2015,2,Concrete,26,False,26.798770595427534,76.4354287727159,False,Low Risk
2002,7,Wood,24,False,9.781942413792837,81.61279841768848,True,Medium Risk
2000,4,Steel,31,False,31.597976967944597,92.87787572200718,True,Low Risk
1988,8,Steel,24,False,35.27461463350268,76.84219060716684,True,Medium Risk
2000,6,Wood,46,True,26.81419619862219,73.5876154981143,False,Medium Risk
2019,4,Steel,11,True,35.68241193690551,71.74306616099557,False,Low Risk
1955,5,Steel,39,False,12.391537116728935,76.63792255331613,False,Medium Risk
2016,9,Wood,12,True,21.845069494930257,90.62139452416126,False,Medium Risk
1956,7,Brick,38,True,25.45239528441797,81.67716459066258,True,High Risk
2000,9,Concrete,39,False,24.870362775214414,74.59696650711265,True,Medium Risk
2021,7,Steel,30,False,19.642391593582254,72.81936498868272,True,Medium Risk
1991,1,Brick,30,False,17.80444787162158,77.649154818801,True,Low Risk
2013,8,Steel,44,False,11.677896653962145,95.25780681368556,False,Medium Risk
1964,4,Steel,45,False,19.360531066306066,77.9477746651107,False,Medium Risk
1978,3,Concrete,23,False,12.71716363805907,96.65559820268443,True,Low Risk
1982,7,Steel,26,True,29.296604618274333,82.07168321719533,True,Medium Risk
1976,3,Concrete,44,True,14.056097129343108,73.19575363041437,True,Medium Risk
1985,8,Concrete,42,False,9.698393853251481,93.84306266201177,True,Medium Risk
1978,6,Concrete,4,True,24.018617996699795,81.35030582090998,True,Medium Risk
1987,5,Brick,10,False,25.261662248862645,88.58046896163121,False,Low Risk
2006,4,Wood,29,False,33.28547877713466,96.5276359130654,False,Low Risk
1976,8,Brick,24,False,24.732466760112775,69.45508515927925,True,Medium Risk
2004,8,Wood,39,False,18.018944757979924,70.80414223383944,True,Medium Risk
1982,1,Wood,29,True,31.287344564263297,88.89324550241993,True,Medium Risk
2017,9,Concrete,31,False,23.66808790243521,76.17292509556869,False,Medium Risk
2015,5,Steel,5,True,10.299128254304561,73.34474051155287,False,Low Risk
1959,4,Concrete,46,False,24.409666249084154,69.14149451477215,False,Medium Risk
1954,6,Steel,15,False,34.332537817228214,68.63355464759985,True,Medium Risk
1987,6,Wood,47,False,19.493066139448395,90.46008249047394,False,Medium Risk
1962,2,Concrete,12,True,16.593448255094202,71.89856939371695,True,Medium Risk
1980,8,Steel,38,False,12.160614253522581,81.56389786316338,False,Medium Risk
1996,7,Brick,11,False,12.391920136125362,85.57100764020501,False,Low Risk
2001,1,Steel,29,False,20.55037304591275,80.42220221649654,False,Low Risk
2005,5,Concrete,36,True,25.274714900684355,68.78609291775076,True,Medium Risk
1964,6,Brick,3,True,10.337846749918452,90.72154357504935,True,Medium Risk
1978,4,Steel,34,True,35.24748908172981,68.30488351170796,False,Medium Risk
1957,2,Steel,27,False,29.89887490591068,90.09480693694704,True,Low Risk
1954,4,Steel,31,True,25.012093630226218,93.90583031985555,True,Medium Risk
1978,1,Steel,9,False,32.02472145723073,80.552357710658,True,Low Risk
1996,7,Steel,5,True,10.325415947551285,83.53073171983615,True,Medium Risk
2017,2,Brick,22,True,21.82832745426061,81.83251838591195,True,Medium Risk
1994,2,Wood,22,False,26.27270067898824,79.28704994007973,True,Low Risk
1951,9,Brick,32,True,32.03093427743039,93.73531152574044,True,High Risk
1976,5,Brick,37,False,30.720617241428762,93.92407180942972,False,Low Risk
1985,2,Brick,37,False,16.035008241688587,77.7386745746045,True,Low Risk
1985,9,Wood,41,True,35.285524917216925,85.83702286642624,True,High Risk
1975,9,Concrete,29,False,11.60602940149524,94.88031930223006,False,Medium Risk
1992,1,Wood,28,False,33.37887494001341,95.89969646929919,False,Low Risk
1976,3,Brick,16,True,36.15726723853393,82.75981217223938,False,Low Risk
2018,4,Steel,19,True,13.137452173456142,81.13191935324548,False,Low Risk
1969,7,Steel,20,False,28.939915861909775,76.08213516192725,True,Medium Risk
1960,4,Brick,47,True,9.168280044561955,95.8072843225219,False,Medium Risk
1987,2,Steel,31,False,19.757261929035494,72.14161482971315,False,Low Risk
1955,7,Brick,22,False,22.972215676732546,84.81505770538402,True,Medium Risk
2021,6,Steel,29,True,24.838711551379387,76.19395775804053,True,Medium Risk
1972,3,Wood,20,True,35.14218019920823,76.09124042008611,True,Medium Risk
1996,6,Concrete,6,True,27.495269931531645,79.74408903390946,False,Low Risk
1995,6,Concrete,3,True,21.957060585357873,96.96499513865399,True,Medium Risk
1961,5,Wood,3,False,31.48057605171079,69.59402289835484,False,Low Risk
1962,4,Wood,28,False,35.56545180767786,84.77771272790241,True,Medium Risk
2011,1,Brick,47,True,8.639918311786435,70.39459258302304,True,Medium Risk
2009,6,Brick,22,True,36.49311689542512,72.48110406972505,False,Medium Risk
1992,2,Brick,25,False,10.49783203284673,80.74732531141406,True,Low Risk
2017,3,Steel,12,False,31.61721659879408,82.8033438090468,True,Low Risk
1954,8,Brick,13,False,16.129707823990962,75.5049798425712,True,Medium Risk
1986,6,Wood,43,False,11.833210074862281,77.17725679535806,True,Medium Risk
2021,3,Concrete,43,True,20.755813551701213,70.52204358742206,True,Medium Risk
1980,7,Steel,7,False,26.674740803980793,76.79337373148327,False,Low Risk
1958,4,Brick,3,False,19.047603505680776,96.03019474203577,False,Low Risk
2000,9,Steel,19,True,9.58239684019827,95.39651406850197,True,Medium Risk
1978,5,Steel,24,False,25.38437305010278,77.71147041397256,False,Low Risk
1989,3,Brick,36,False,34.16969500720957,84.55476415208409,False,Low Risk
1990,2,Steel,47,True,19.1132456124703,94.37826634221739,False,Medium Risk
1960,2,Concrete,43,True,14.273650551293983,68.179330856586,True,Medium Risk
1972,3,Wood,31,True,20.834743032051648,91.50982353979016,True,Medium Risk
1950,2,Wood,6,False,9.402518620414645,95.50271703087864,True,Low Risk
1995,4,Concrete,7,False,31.79413994992797,70.64844629567315,False,Low Risk
1970,2,Steel,13,True,31.963883517555416,72.68198289495471,False,Low Risk
1985,9,Brick,23,True,25.052013439459223,95.86164278036931,True,High Risk
2003,2,Steel,37,False,18.239983779213297,83.58866416557004,True,Low Risk
2006,9,Concrete,14,True,31.193717568927717,68.41170239967998,False,Medium Risk
1950,6,Steel,28,True,24.08592371886265,75.47132796414235,False,Medium Risk
2012,1,Wood,21,True,31.95203694795047,81.04836655379692,True,Low Risk
2003,4,Steel,47,False,26.3123049849076,88.09435841971826,False,Low Risk
2004,1,Concrete,9,False,30.74775872317112,89.26165096596719,False,Low Risk
1989,6,Wood,49,False,25.358326803315038,96.86722387483823,False,Medium Risk
1964,4,Steel,9,False,20.01009097825432,76.33782478212902,False,Low Risk
1970,3,Steel,28,False,35.78042993785799,83.60838295418579,False,Low Risk
1996,3,Wood,42,False,23.6923009214865,83.46638288792855,False,Low Risk
2002,9,Brick,7,True,25.547596037675614,79.76371252396989,False,Medium Risk
1958,6,Wood,23,False,14.394141543027729,72.90569492143018,True,Medium Risk
2001,9,Brick,16,False,26.143872893391016,96.34624033233143,True,Medium Risk
2006,5,Concrete,6,True,24.576621835005373,92.746198413331,False,Low Risk
1975,2,Concrete,25,False,13.360313540463723,82.45165782053287,False,Low Risk
1990,8,Wood,44,False,9.728025823241168,85.49411725783686,False,Medium Risk
1984,5,Wood,22,True,25.526420271728362,74.59057055323021,True,Medium Risk
2012,2,Concrete,17,True,30.147075811159297,83.76982504136066,True,Medium Risk
1974,4,Brick,47,True,23.17863975673824,88.15413386052279,False,Medium Risk
1987,9,Concrete,31,False,14.576406134269725,82.93984382321108,True,Medium Risk
1951,4,Wood,10,True,27.329137324098014,96.71826994696329,False,Low Risk
1956,4,Concrete,43,False,10.323066071678465,85.72890803118406,False,Medium Risk
1983,2,Wood,21,False,20.813177439256684,78.7582376651729,False,Low Risk
1966,6,Wood,41,False,12.737635993554186,90.3924088008593,False,Medium Risk
1992,2,Concrete,48,False,13.349312480736618,72.94341283586762,False,Low Risk
2008,7,Brick,30,True,13.866524525587906,79.15095859748173,False,Medium Risk
2000,3,Steel,48,True,19.21450465427536,78.06180956095,False,Medium Risk
2003,3,Concrete,29,False,9.483355962991531,80.52240575812554,True,Low Risk
1973,5,Steel,6,True,19.536009786943847,90.67161495193307,False,Low Risk
1974,3,Concrete,17,False,22.839515966326324,82.04101793273881,True,Low Risk
2020,2,Steel,37,False,22.01553426402343,91.02641905771291,False,Low Risk
2001,9,Brick,39,False,19.100738911688175,84.71817819105611,False,Medium Risk
2019,2,Brick,3,True,32.33525163405182,77.9200136050691,True,Low Risk
1982,2,Concrete,5,False,12.21447408019462,91.4893835668207,True,Low Risk
1998,8,Wood,49,False,22.665205569659847,74.91040044603966,False,Medium Risk
1978,9,Steel,26,True,9.799201091740075,74.50710641419407,True,High Risk
2012,7,Wood,29,True,10.063514687459381,82.63058479759025,False,Medium Risk
1971,3,Wood,42,True,24.642109640635795,75.56462813290058,False,Medium Risk
1975,9,Wood,38,True,24.414534321746807,68.26352401358527,True,High Risk
1977,3,Brick,36,False,33.46297187248925,86.80062829166525,True,Medium Risk
1998,5,Concrete,31,True,24.178336594142124,82.82172082269955,True,Medium Risk
2020,9,Concrete,26,False,35.83393959174066,80.92001662030168,True,Medium Risk
1998,3,Brick,26,True,9.412150603597963,96.04208692393115,False,Low Risk
1969,7,Brick,44,True,10.842222858641492,84.56477633492449,True,High Risk
2012,1,Concrete,6,True,9.277909985541061,93.03951575589215,True,Low Risk
2010,4,Wood,5,True,13.373028659672661,72.04405684994964,True,Medium Risk
1998,4,Steel,36,True,23.696833217308665,84.5069874307534,True,Medium Risk
2020,7,Steel,25,True,26.721593261395412,93.17140917519619,True,Medium Risk
1950,8,Steel,25,False,9.321969580511395,84.91006696111704,False,Medium Risk
1962,1,Wood,47,True,35.433155805522375,88.82241116568304,False,Medium Risk
2000,5,Concrete,7,True,32.42279592286105,78.78926346655402,True,Medium Risk
2005,7,Brick,33,True,16.6017619825557,70.68103599407493,True,Medium Risk
2011,4,Concrete,43,True,10.23843837656757,81.27910855868507,False,Medium Risk
1981,4,Wood,8,False,12.92672512335266,79.43990233432687,True,Low Risk
1979,4,Brick,39,True,11.681387998894207,93.14474528898947,False,Medium Risk
1978,6,Wood,12,True,11.57522959966946,75.0758637682217,False,Medium Risk
1998,7,Steel,42,True,23.038288971306287,96.03529259851814,True,High Risk
1994,2,Steel,9,True,15.129575832308609,95.78600547433038,False,Low Risk
1979,5,Wood,41,False,18.386051779345188,75.18131764907173,True,Medium Risk
1965,4,Brick,40,True,36.69565466814535,78.0935067088423,True,Medium Risk
1989,3,Brick,23,False,27.845113218835,93.97111648534266,False,Low Risk
1968,7,Concrete,22,True,35.52043934436304,96.03204440598712,False,Medium Risk
1967,6,Steel,5,False,12.134140095960351,80.85973398224527,True,Low Risk
1950,7,Concrete,24,False,19.08204477014451,77.30891432358604,False,Medium Risk
1996,5,Concrete,49,True,24.087222295188273,83.25672638429472,True,High Risk
2015,6,Wood,6,True,10.225983794773402,87.9453069846063,False,Low Risk
1987,5,Wood,30,False,8.121435865210778,75.93076094587441,False,Low Risk
2000,7,Concrete,14,False,27.442595680110607,89.3577220639531,True,Medium Risk
2012,2,Steel,40,True,26.612765987241623,69.4980633563246,True,Medium Risk
1953,5,Wood,38,False,19.912875489988743,69.42954029016808,True,Medium Risk
1950,6,Concrete,49,False,22.199678204928947,79.2023434492208,False,Medium Risk
1957,6,Concrete,43,False,20.047847017170596,78.2507225697609,True,Medium Risk
1978,5,Concrete,7,True,8.696146300501777,77.15336324564741,True,Medium Risk
2004,7,Concrete,15,False,17.72577658030641,82.2395731173984,False,Low Risk
1952,8,Concrete,25,False,13.135385406521404,77.30127388703556,False,Medium Risk
1981,7,Concrete,32,False,10.854301483939693,73.57547963557467,True,Medium Risk
1959,5,Wood,39,True,35.744892582791145,76.97461692356943,True,High Risk
1983,1,Steel,27,True,25.381432026222804,96.27222391149681,True,Medium Risk
2004,5,Concrete,29,False,29.131032242861476,79.9222890928506,True,Medium Risk
1981,2,Brick,16,True,17.145548554717408,80.89667052889173,False,Low Risk
1999,5,Wood,49,False,19.40126675532644,84.71980470858306,False,Medium Risk
